Pop,Allele,Freq
AFA,A*01:01,0.04377529607776856
AFA,C*01:02,0.007794884263621832
AFA,B*07:02,0.0739408689842301
AFA,DRB5*01:01,0.14451783158281542
AFA,DRB1*15:01,0.02589998386585294
AFA,DQA1*01:02,0.310211297757313
AFA,DQB1*06:02,0.20428984740955683
AFA,DPA1*01:03,0.35188664266462644
AFA,DPB1*04:01,0.10437843884502847
AFA,B*08:01,0.03602059155160599
AFA,DRB3*01:01,0.1325305316324139
AFA,DRB1*03:02,0.06312983591626177
AFA,DQA1*04:01,0.12135057786397463
AFA,DQB1*04:02,0.06940338686855482
AFA,DPB1*02:01,0.14048896437392627
AFA,DPB1*18:01,0.04923429869813032
AFA,DPA1*02:02,0.15272628978494152
AFA,DPB1*01:01,0.4587201608254675
AFA,DRB1*13:01,0.05704624261054678
AFA,DQA1*03:01,0.09306976874072206
AFA,DQB1*03:02,0.03669059712604085
AFA,DPB1*11:01,0.014497707842252463
AFA,DPA1*01:04,0.001109636606205447
AFA,DPA1*01:05,0.0006496453606239838
AFA,DPA1*02:01,0.399264049176891
AFA,DPA1*02:07,0.001550593064026217
AFA,DPA1*03:01,0.08938271166643942
AFA,DPA1*04:01,0.003389022321306653
AFA,DRB1*13:03,0.033612865300874054
AFA,DQA1*05:01,0.17747026768516838
AFA,DQB1*03:01,0.17544343577944024
AFA,DPB1*13:01,0.01652751230321222
AFA,DRB3*02:02,0.2742735489246643
AFA,DRB1*03:01,0.06976837356834217
AFA,DQB1*02:01,0.21540301731970768
AFA,DRB1*11:01,0.08545441112656603
AFA,DRB1*11:02,0.03862928286082437
AFA,DPB1*04:02,0.10283683737409513
AFA,DRB1*11:04,0.005478148642287418
AFA,DQB1*05:02,0.023244626579563155
AFA,DRB1*12:01,0.03742194221030095
AFA,DPB1*85:01,0.009382947723757912
AFA,DQA1*01:03,0.037137145756032885
AFA,DQB1*06:09,0.050727841488966696
AFA,DRB1*13:04,0.012931392807375442
AFA,DPB1*03:01,0.034828355613575564
AFA,DPB1*17:01,0.048066393018874165
AFA,DRB1*14:01,0.019244524973525957
AFA,DQA1*01:01,0.14194264633303286
AFA,DQB1*05:03,0.018678075680023484
AFA,DRB3*03:01,0.09399581249642947
AFA,DRB1*13:02,0.0701250481297705
AFA,DQB1*06:04,0.009375623035184725
AFA,DRB1*13:16,0.0003621762854527435
AFA,DRB4*01:01,0.1829922537681283
AFA,DRB1*09:01,0.029641481970173817
AFA,DRBX*NNNN,0.15414980324664376
AFA,DRB1*01:01,0.025396339121737256
AFA,DQB1*05:01,0.15046161705929173
AFA,DRB1*01:02,0.040505274659558076
AFA,DRB1*08:04,0.05582991193142618
AFA,B*15:01,0.010073946777187705
AFA,DQB1*06:03,0.028073228865759463
AFA,DQB1*03:03,0.012616108190189173
AFA,DRB1*08:02,0.0007850461364369202
AFA,B*15:08,4.534141611561137e-05
AFA,B*15:16,0.018225863171259345
AFA,B*27:05,0.007812185106429013
AFA,DRB1*12:02,0.0025427287826881068
AFA,DQA1*06:01,0.002539610879064892
AFA,DPB1*28:01,0.0012140199765109082
AFA,DRB1*04:02,0.0009546236256200612
AFA,DRB1*04:03,0.001999140051794752
AFA,DRB1*04:04,0.008874678656815398
AFA,DRB1*07:01,0.10022980835360082
AFA,DQA1*02:01,0.11623886743002838
AFA,DPB1*06:01,0.003809419153760733
AFA,DPB1*23:01,0.00020046366729468523
AFA,DPB1*05:01,0.001339959064273339
AFA,DRB1*01:03,0.0025489656895634066
AFA,DRB1*08:01,0.0032339143544428805
AFA,B*40:06,0.0006575971347028917
AFA,B*44:02,0.01616666486933061
AFA,B*44:03,0.043598574650616985
AFA,B*46:01,0.00011520138474793253
AFA,B*51:01,0.01915687269302338
AFA,DPB1*02:02,0.00039704358952970535
AFA,DRB1*04:01,0.01926415518135221
AFA,DRB5*01:02,0.002358935928572202
AFA,DRB1*15:02,0.002378503042318862
AFA,DQB1*06:01,0.0018823896867775785
AFA,DRB1*08:03,0.0004011167411784393
AFA,DPB1*10:01,0.0011942067108651254
AFA,B*52:01,0.0187048271633385
AFA,B*53:01,0.11958347428220675
AFA,DRB1*15:03,0.12067987828529995
AFA,B*55:01,0.003825949430134682
AFA,B*55:02,5.0570454898763134e-05
AFA,B*56:01,0.002290655441020881
AFA,DPB1*15:01,0.0012309125955245268
AFA,DPB1*19:01,0.0009028981828510133
AFA,DPB1*14:01,0.0013721610205501293
AFA,B*58:02,0.04330549138108436
AFA,C*01:17,6.72467280888841e-07
AFA,C*02:03,4.025909479576206e-06
AFA,C*02:10,0.08678530145775243
AFA,DPB1*40:01,0.0035307107970266594
AFA,B*07:05,0.007241560684119328
AFA,B*13:02,0.008166409313244596
AFA,DRB5*02:02,0.015096166593719165
AFA,DRB1*16:02,0.013716359234671719
AFA,B*14:01,0.007645039767354291
AFA,DPA1*03:02,2.5880846653966336e-05
AFA,DPB1*39:01,0.001387595535942487
AFA,B*15:03,0.06369206102778173
AFA,DQB1*02:03,0.0009273661968723866
AFA,DPB1*30:01,0.001333353653589453
AFA,DPB1*29:01,0.0006695734111842714
AFA,DRB1*11:10,0.001201879645242102
AFA,DQB1*06:05,7.515876059452648e-05
AFA,DRB1*04:05,0.014664113274273286
AFA,DRB1*04:07,0.003640629652795183
AFA,DRB1*16:01,0.0015531520311823214
AFA,DRB1*08:06,0.005043888040858709
AFA,DRB1*10:01,0.019736141498856014
AFA,B*15:10,0.03505938885119641
AFA,B*15:17,0.004683044414363223
AFA,B*15:235,4.6230748375200283e-07
AFA,B*15:242,3.476385966475428e-07
AFA,B*15:54,0.0001371055901880743
AFA,B*15:74,5.238007037430152e-07
AFA,B*18:01,0.0315225305792584
AFA,DRB3*02:01,3.924406626921851e-05
AFA,B*27:02,0.00034369489963038556
AFA,DPB1*81:01,3.4507795539224603e-06
AFA,B*27:03,0.0035443741415187107
AFA,DRB1*13:10,4.301379467512784e-05
AFA,DRB1*11:03,0.000610578388909409
AFA,B*27:12,2.166996553269655e-05
AFA,B*27:26,1.2612554206685652e-05
AFA,DRB1*14:06,0.0001585396679594279
AFA,DRB1*08:08,4.0945108210757346e-05
AFA,B*35:01,0.06969899142843738
AFA,B*37:01,0.005403674886052643
AFA,B*39:01,0.0026168639138830383
AFA,B*40:01,0.011227782166080424
AFA,B*40:02,0.003340874986164738
AFA,B*42:01,0.052851901176733204
AFA,B*44:05,0.00027041565812200506
AFA,B*50:01,0.009603696138812148
AFA,DPB1*16:01,0.00030950619393674115
AFA,B*57:03,0.02979438177550661
AFA,C*02:26,1.1493257907232223e-06
AFA,C*03:02,0.019372307464988407
AFA,DPB1*46:01,9.888911229842899e-05
AFA,B*35:03,0.002021036685831459
AFA,B*45:01,0.0554236911906087
AFA,B*58:01,0.040678871289328046
AFA,DPB1*34:01,0.00034895330744027624
AFA,DPB1*377:01,1.1502595806356092e-06
AFA,DRB1*14:04,0.0006262010910848708
AFA,DPB1*09:01,0.000354582727140913
AFA,DPB1*49:01,9.488089913804786e-05
AFA,DPB1*55:01,0.0002370590830550201
AFA,B*82:01,0.0028180840888858993
AFA,DPB1*35:01,3.712244503855476e-05
AFA,B*82:02,0.00027057329230988173
AFA,C*03:03,0.012489499447490685
AFA,B*07:04,5.749991210874612e-06
AFA,DRB1*14:05,2.9607900281945672e-05
AFA,DRB1*04:08,0.0006148578276777238
AFA,B*15:05,3.51508352733748e-05
AFA,B*15:24,5.000815821347676e-05
AFA,C*03:04,0.054500913437048354
AFA,DPB1*425:01,2.8756496282687166e-06
AFA,DRB1*14:02,0.0008481449318608424
AFA,DQB1*06:11,0.00039128628993192696
AFA,DQB1*06:08,0.001904310707745613
AFA,DPB1*80:01,0.00011801554945884404
AFA,B*15:13,0.0002442412430689753
AFA,B*27:06,0.0001931242783476687
AFA,DRB1*11:06,5.7572757521244575e-05
AFA,B*40:30,3.1735857438645602e-06
AFA,B*57:02,0.003414859933151468
AFA,C*03:05,0.0001768248972236754
AFA,B*39:06,0.0014637966952469846
AFA,DRB1*04:11,0.0003171647399548917
AFA,C*03:126,5.751299256537438e-07
AFA,C*03:18,5.751299256537437e-07
AFA,C*04:01,0.20049379973925452
AFA,DPB1*27:01,3.0858237018977424e-05
AFA,B*14:02,0.021804688198986358
AFA,DPB1*290:01,4.16440875456038e-06
AFA,B*15:53,8.626931856641945e-06
AFA,B*18:03,0.00011840970907695579
AFA,DRB1*13:05,0.00035644888053071235
AFA,DPB1*59:01,4.025909479576206e-06
AFA,DRB1*04:06,0.00025953833837191097
AFA,DRB1*15:06,1.7552455774078113e-05
AFA,DPB1*91:01,5.751299256537438e-07
AFA,DRB1*08:11,0.0005710248478328698
AFA,B*35:02,0.0008545772144374511
AFA,B*35:05,0.0003271823800016261
AFA,B*35:06,7.537720834204099e-06
AFA,B*35:08,0.000551681126967739
AFA,B*35:21,2.3251424229008826e-06
AFA,B*35:55,1.7253897769612312e-06
AFA,B*35:68,1.7246228629705368e-06
AFA,B*39:10,0.008967789669094598
AFA,DQB1*06:49,6.0997456840334834e-05
AFA,DQA1*05:02,3.866729455772024e-05
AFA,DRB1*13:31,0.00030922964606485396
AFA,B*44:10,0.0012520424436573698
AFA,B*44:15,9.222204515042722e-05
AFA,B*47:01,0.0010836340489484885
AFA,B*48:02,4.264175448773799e-05
AFA,DQB1*05:04,0.00014110595406483255
AFA,B*51:05,1.3951827588243155e-05
AFA,DRB1*03:07,1.5055135547273491e-05
AFA,DPB1*82:01,1.1502598513074875e-06
AFA,DPB1*20:01,0.00024138429361148504
AFA,B*53:52,5.751299256533987e-07
AFA,B*57:04,0.0017073924428517844
AFA,B*78:01,0.009622086148993429
AFA,B*81:01,0.019504606094749116
AFA,C*04:03,0.00014429623681666364
AFA,B*13:01,0.00013182385858550758
AFA,C*04:04,0.0002503531668891077
AFA,C*04:07,0.0008020595202588617
AFA,B*15:31,0.00034445120838516634
AFA,B*15:55,6.27532939398834e-06
AFA,B*49:01,0.027951396494435576
AFA,B*57:01,0.005953743916393798
AFA,C*04:08,0.00014923755753188783
AFA,C*04:10,4.000401336407395e-06
AFA,C*04:36,2.3005197026149755e-06
AFA,C*05:01,0.028658889356444225
AFA,DPB1*112:01,5.751299256537438e-07
AFA,B*44:29,2.86935975684578e-06
AFA,C*05:10,5.751299256537438e-07
AFA,C*06:02,0.08845605276284252
AFA,DQB1*03:04,7.920160922559479e-05
AFA,B*38:01,0.002214728266436695
AFA,B*44:18,4.367365064747319e-05
AFA,B*50:02,9.594125515077602e-05
AFA,B*52:04,3.403454796382431e-06
AFA,DPB1*26:01,0.00010356325965573798
AFA,DRB1*14:07,5.161941503457844e-05
AFA,DPB1*93:01,3.450779553922462e-06
AFA,DPB1*47:01,1.0352338661767392e-05
AFA,B*57:11,5.751299256537438e-07
AFA,B*57:22,5.32075328924139e-07
AFA,C*06:27,5.751299076541942e-07
AFA,C*07:01,0.11697101543639983
AFA,DPB1*189:01,5.751299256537438e-07
AFA,DPB1*51:01,3.450779553922462e-06
AFA,DRB1*03:04,5.7711577547882495e-06
AFA,DRB1*03:05,2.4113861831328123e-05
AFA,DRB1*04:10,0.0001715883949080294
AFA,DPB1*41:01,1.72538977695685e-06
AFA,B*08:07,1.1498890522916274e-06
AFA,B*08:09,1.7249612817241865e-05
AFA,B*08:113,1.478611624917394e-07
AFA,B*08:12,0.00018071231802569597
AFA,B*08:13,1.1116779479003389e-06
AFA,B*08:18,9.19961570914247e-06
AFA,B*08:190,5.751299256537438e-07
AFA,B*08:31,1.478611624917394e-07
AFA,DQB1*03:05,2.3005197026149736e-05
AFA,B*15:18,0.0012639528938376463
AFA,B*15:37,0.0006341266256132006
AFA,B*15:39,1.4987004664331711e-05
AFA,B*39:24,0.00024339165206273543
AFA,B*41:01,0.003345187506866546
AFA,B*44:07,0.00013332817034747137
AFA,B*47:03,0.0004511083460474869
AFA,DRB1*13:14,4.69562584370421e-05
AFA,B*51:09,0.0005231491695493422
AFA,DRB1*11:13,1.030715474432835e-05
AFA,DQB1*03:16,4.95658431516532e-05
AFA,C*07:02,0.0705898943117573
AFA,DRB3*02:10,2.3005197026149713e-05
AFA,DRB1*08:07,2.6130936871459158e-05
AFA,B*07:07,1.4643581739597041e-05
AFA,B*07:43,1.6136039460513643e-06
AFA,B*15:07,0.00015971822555676485
AFA,B*15:35,1.613761563315944e-05
AFA,B*38:02,8.451505678863567e-05
AFA,B*39:05,0.00023161995080146075
AFA,B*39:11,1.771049811621703e-05
AFA,B*39:13,2.5753790472083557e-05
AFA,C*07:04,0.006986000415312082
AFA,DPB1*233:01,2.3005197026149747e-06
AFA,B*15:09,8.83578100490268e-05
AFA,B*15:23,2.7981119561338896e-05
AFA,B*15:29,1.630581633178866e-06
AFA,C*07:19,5.3796353649230585e-05
AFA,C*07:21,1.1502598513074873e-06
AFA,C*07:22,1.1483984662515974e-06
AFA,C*07:246,5.751299256537437e-07
AFA,C*07:26,5.924100343607928e-06
AFA,B*15:25,0.00010044070336342297
AFA,C*07:27,7.898570832030232e-06
AFA,C*07:35,7.725848112420006e-05
AFA,C*07:61N,6.2938949972197826e-06
AFA,C*08:01,0.0010413390420524928
AFA,B*15:02,0.00030294906051425377
AFA,B*48:01,0.0004488984438790521
AFA,C*08:02,0.03519446303319304
AFA,B*14:03,0.002143616855836512
AFA,B*14:05,0.0001809646652781167
AFA,B*40:16,0.00103323791116076
AFA,C*08:04,0.010274407237957283
AFA,C*12:02,0.001672866604221883
AFA,C*12:03,0.015844770207625165
AFA,B*18:13,2.300519324232618e-06
AFA,DQA1*01:10,1.1502598513074875e-06
AFA,DPB1*53:01,3.9059541547692405e-05
AFA,B*39:31,5.751040222337669e-06
AFA,C*12:04,1.497677997867185e-05
AFA,C*14:02,0.01658748058797234
AFA,B*15:67,1.7774550046585552e-05
AFA,B*51:06,2.8890481139917112e-05
AFA,B*51:07,6.280287221684988e-05
AFA,C*14:03,0.0017133546833314145
AFA,C*15:02,0.005085623541941744
AFA,B*27:04,1.6466401951265818e-05
AFA,B*27:07,6.41095199147486e-05
AFA,DPB1*24:01,1.1502598513074877e-06
AFA,B*51:02,0.0006921554418257296
AFA,C*15:05,0.014071880229593796
AFA,B*40:12,0.0008338668337074018
AFA,DPB1*248:01,5.75129925653744e-07
AFA,B*73:01,0.00027982250661315506
AFA,C*15:06,5.128496499585111e-06
AFA,C*16:01,0.10196700685446791
AFA,B*44:04,0.00010178907174704618
AFA,DPB1*321:01,5.176169320029084e-06
AFA,DPB1*63:01,0.00012816665185518095
AFA,C*16:02,0.0005725343246356691
AFA,B*51:08,0.000228321501429929
AFA,C*16:04,0.0001923315269546794
AFA,B*41:02,0.005651950407932366
AFA,C*16:46,6.9015591078449265e-06
AFA,C*17:01,0.06888152750335788
AFA,B*41:03,0.0006102782776938433
AFA,B*42:02,0.007110362447056051
AFA,B*42:10,7.476394108312575e-06
AFA,C*17:04,3.2354983664727e-05
AFA,C*18:01,0.03003757319899132
AFA,C*18:04,1.5423465608360814e-05
AFA,A*01:02,0.005387093137805259
AFA,B*35:43,0.00017699811562193684
AFA,DRB1*12:04,2.3352085544744468e-05
AFA,B*15:47,0.00030881683633821467
AFA,C*03:07,8.588188676498624e-06
AFA,DRB1*11:17,0.00037027076661745145
AFA,C*04:13,0.000290375132154833
AFA,B*18:25,7.023569830108774e-05
AFA,DRB1*03:03,4.88706097917812e-05
AFA,DPB1*21:01,7.47668903349867e-06
AFA,DRB1*11:14,7.119892050338751e-05
AFA,C*08:32,9.200923962493745e-06
AFA,A*01:03,0.0006805126729571311
AFA,C*04:87,1.1502598490880918e-06
AFA,B*13:03,2.6684651252124488e-05
AFA,DPB1*54:01,5.176169330883694e-06
AFA,B*07:09,0.0002465093706578882
AFA,C*07:05,0.0002790327961571168
AFA,DPB1*122:01,4.596547601434049e-06
AFA,DPB1*98:01,4.025909479576207e-06
AFA,A*01:06,2.2566325516906056e-06
AFA,A*01:09,4.2795061469211515e-05
AFA,A*01:106,5.751299256443472e-07
AFA,A*01:12,1.515375994589754e-06
AFA,A*01:17,5.751299256537437e-07
AFA,A*01:20,5.52155436110635e-07
AFA,A*01:23,5.724989066172386e-06
AFA,A*01:25,8.041364489667874e-06
AFA,A*01:52N,5.751278863220342e-07
AFA,A*01:77,1.1502598513074873e-06
AFA,A*01:82,1.1502598513074875e-06
AFA,A*02:01,0.12210188357588342
AFA,B*15:04,5.0209262713529804e-05
AFA,B*15:15,3.242461671848267e-05
AFA,B*15:30,1.1597084063476718e-05
AFA,DRB1*11:11,1.759553820914279e-05
AFA,DPB1*45:01,3.4507795539221393e-06
AFA,DPB1*69:01,2.4155456876917427e-05
AFA,B*54:01,2.314362598590041e-05
AFA,DRB1*08:20,5.058450329325822e-06
AFA,B*56:15,5.751299256537435e-07
AFA,B*59:01,3.334079384241787e-06
AFA,C*01:13,5.751299256537438e-07
AFA,C*01:16,1.7253897769612314e-06
AFA,C*01:45,1.1502598513074875e-06
AFA,DPB1*278:01,1.7253897769612318e-06
AFA,DRB1*11:37,1.201999154308327e-05
AFA,DPB1*86:01,2.3005197026149747e-06
AFA,B*18:02,7.771247282001715e-06
AFA,DQB1*06:14,3.4507795539215184e-06
AFA,B*40:94,5.751299256537438e-07
AFA,DPB1*25:01,1.7253897769612314e-06
AFA,C*02:137,7.467787402409573e-06
AFA,C*02:14,0.00024386369991437245
AFA,C*02:16,6.143671443953682e-06
AFA,B*15:11,1.3727887930493603e-05
AFA,B*15:113,5.751299256537438e-07
AFA,DPB1*52:01,5.751299256537436e-06
AFA,DRB1*08:10,2.0626728078920018e-05
AFA,DPB1*71:01,2.1914671462302467e-05
AFA,DPA1*02:03,8.05181895838162e-06
AFA,B*15:65,5.751299256537435e-07
AFA,DPB1*155:01,3.855329002344883e-06
AFA,B*35:04,4.9241917335195596e-05
AFA,B*39:02,5.184118333347995e-05
AFA,DPB1*132:01,1.150259851307487e-06
AFA,B*40:04,7.430736945672465e-05
AFA,B*40:05,1.9725433042776915e-05
AFA,B*40:08,4.117191086617347e-05
AFA,B*40:11,8.535400472335256e-06
AFA,B*40:160,5.751299256537438e-07
AFA,B*40:23,3.450779553922462e-06
AFA,B*40:90,2.262335485733269e-05
AFA,DPB1*61:01N,5.9238371325062974e-05
AFA,C*03:09,1.0902672653201412e-05
AFA,C*03:19,5.1761689841270005e-06
AFA,C*03:47,5.751299256537399e-07
AFA,C*03:75,1.725389776961231e-06
AFA,B*15:184,5.751299256537438e-07
AFA,B*27:17,6.879899131095812e-06
AFA,DPB1*74:01,1.840387532978683e-05
AFA,B*35:10,9.700086674671414e-06
AFA,B*35:116,5.751299256537437e-07
AFA,B*35:12,0.00012950367272812873
AFA,B*35:14,4.59984218700355e-06
AFA,B*35:16,4.5992073462258665e-06
AFA,B*35:17,5.11096844419122e-05
AFA,B*35:29,2.844285352380402e-06
AFA,B*35:41,1.438621834267882e-05
AFA,B*48:12,1.1502598513074875e-06
AFA,DPB1*271:01,5.751299256537438e-07
AFA,B*53:18,2.875649628268718e-06
AFA,B*53:19,4.787871716828409e-07
AFA,B*35:27,1.3637300495782398e-05
AFA,C*04:14,1.0338853229088634e-05
AFA,C*04:235,5.751299256537438e-07
AFA,C*04:33,6.279460485628465e-06
AFA,C*04:34,6.901559107844927e-06
AFA,DQB1*06:26N,3.4507795539224624e-06
AFA,DRB1*13:20,7.986268240951008e-06
AFA,DPB1*177:01,3.450779553922461e-06
AFA,B*44:08,6.910835756323362e-06
AFA,B*44:09,1.0352338322417884e-05
AFA,B*44:191,1.1502598513074875e-06
AFA,C*05:05,6.326106167102661e-06
AFA,C*05:07N,5.176169330878738e-06
AFA,C*05:09,3.4507795539224632e-06
AFA,C*05:36,5.751299256537438e-07
AFA,B*13:30,5.751299212623153e-07
AFA,B*27:08,2.4085585061383754e-05
AFA,DRB1*12:25,1.7096203738162145e-05
AFA,DPB1*33:01,1.1502598513074877e-06
AFA,DPA1*02:17,5.751299256537438e-07
AFA,C*06:03,2.2900291577712827e-06
AFA,C*06:04,5.751299256537438e-07
AFA,C*06:08,0.00018911971855043976
AFA,C*06:09,9.418011587846098e-05
AFA,C*06:98,1.1502598513074875e-06
AFA,B*08:20,2.2998829399992344e-06
AFA,B*15:123,1.244262781963334e-06
AFA,B*15:52,0.0001608290710454452
AFA,DRB1*13:37,5.388086889470881e-05
AFA,DRB1*04:09,2.0704675803766284e-05
AFA,DRB1*15:22,6.448942382784942e-06
AFA,B*07:10,1.432203924608712e-05
AFA,B*07:216,5.751299256537439e-07
AFA,B*07:22,4.601035134288237e-06
AFA,B*07:23,1.1502598513074873e-06
AFA,B*39:03,2.325432325492555e-05
AFA,B*39:08,1.715222724458223e-05
AFA,B*39:09,2.155291017383401e-05
AFA,B*39:12,8.453941906137682e-06
AFA,B*39:19,5.751299256537438e-07
AFA,B*39:62,5.751299256537438e-07
AFA,DQB1*02:05,1.7253897769612314e-06
AFA,C*07:17,2.2972639073703953e-06
AFA,C*07:28,1.8368686207808472e-05
AFA,C*07:70,1.1502598502406207e-06
AFA,C*08:03,8.891247592312494e-05
AFA,B*48:07,2.299983212201343e-06
AFA,C*08:13,2.0347706669656704e-05
AFA,B*18:04,2.484765023435224e-05
AFA,DPA1*02:21,1.1502598513074818e-06
AFA,DPA1*01:11,3.4507795539224624e-06
AFA,DRB1*01:23,4.601039405229952e-06
AFA,B*67:01,3.314191898122239e-05
AFA,C*12:12,1.1502598513074873e-06
AFA,B*51:34,1.725389776961231e-06
AFA,DPB1*447:01,5.751299256537437e-07
AFA,C*14:05,5.751298379686581e-07
AFA,B*27:10,8.051817432008546e-06
AFA,C*15:04,2.104102908744939e-05
AFA,C*15:09,1.92332486244861e-05
AFA,B*51:14,2.3005197026149725e-06
AFA,C*15:16,1.1421954732506585e-06
AFA,B*35:19,1.7247729715058306e-06
AFA,DPB1*57:01,4.601039405229809e-06
AFA,DPB1*117:01,5.751299256537407e-07
AFA,B*45:16,1.1502598513074875e-06
AFA,DRB1*15:23,3.191958001832798e-05
AFA,C*16:07,5.16637364508612e-06
AFA,C*16:128,5.751299256537438e-07
AFA,C*16:20,2.282958940811329e-06
AFA,C*16:25,5.176169330883692e-06
AFA,C*16:26,1.148750896713788e-06
AFA,C*16:43,5.751299256537438e-07
AFA,C*16:45,3.450043326708405e-06
AFA,C*16:57,5.665719155418222e-07
AFA,DPB1*422:01,2.3005197026026296e-06
AFA,B*42:14,5.751299256537438e-07
AFA,C*17:21,1.1215399498412229e-06
AFA,B*15:222,1.1502598513074873e-06
AFA,B*18:98,2.8756496282687187e-06
AFA,B*49:37,5.751299256537435e-07
AFA,B*57:12,6.256556386472358e-06
AFA,C*18:06,1.725389776961231e-06
AFA,A*02:02,0.04382270739513629
AFA,B*15:20,2.8019138956567932e-05
AFA,B*35:32,1.074146333219138e-05
AFA,DPB1*60:01,3.450779553922463e-06
AFA,B*15:158,6.1547963518874355e-06
AFA,DQB1*06:50,1.226798551287371e-05
AFA,B*35:11,4.651686452363643e-05
AFA,C*03:38,4.74613647171387e-05
AFA,B*35:20,1.4634556867623375e-05
AFA,DRB1*03:06,7.64183371651406e-06
AFA,DRB1*13:38,1.2042517152744015e-05
AFA,DQB1*06:16,1.2077547794763938e-05
AFA,B*53:15,8.62689777981493e-06
AFA,B*53:30,5.751299256537438e-07
AFA,C*04:155,2.3005197026147087e-06
AFA,C*04:98,5.353881093316172e-07
AFA,B*18:26,3.354419443851593e-06
AFA,B*18:68,6.326428953650587e-06
AFA,C*06:49N,2.292516353942858e-06
AFA,B*47:02,1.7443418498154173e-05
AFA,DPB1*205:01,1.1502598513074877e-06
AFA,B*53:05,3.1835266999848326e-06
AFA,C*07:173,5.751296090293403e-06
AFA,B*14:09,1.4936031944963409e-05
AFA,B*13:33,1.7253897768580183e-06
AFA,C*08:15,1.5916879926952425e-06
AFA,DRB1*03:29,6.32642854669981e-06
AFA,C*12:05,4.025909479576208e-06
AFA,C*14:06,4.025606294214006e-06
AFA,B*48:05,3.8454580200046076e-05
AFA,B*47:05,4.601015275283688e-06
AFA,DRB1*11:18,5.546331471612566e-06
AFA,B*51:29,5.751299256537438e-07
AFA,B*42:05,2.8491985801491613e-06
AFA,C*17:23,3.3754010960369214e-06
AFA,B*57:57,1.1335094622282623e-06
AFA,DRB3*01:05,9.707324615672616e-06
AFA,A*02:03,0.0001700009332451658
AFA,B*56:02,7.396471525381636e-06
AFA,B*15:75,2.850242088551457e-06
AFA,C*03:88,5.751299256537438e-07
AFA,B*13:12,5.751299256537437e-07
AFA,DRB1*14:10,3.961739556060535e-06
AFA,A*02:04,0.0001106418629683587
AFA,B*51:10,8.623381199006456e-06
AFA,A*02:05,0.014042528173571166
AFA,C*02:07,1.7096549667634365e-06
AFA,B*15:266,4.025909479576207e-06
AFA,C*02:17,1.1502598513074875e-06
AFA,C*03:06,2.748626405524224e-05
AFA,B*35:34,1.15025985130721e-06
AFA,C*04:114,2.8325568873411973e-06
AFA,C*04:15,3.4505549639068083e-06
AFA,DPB1*103:01,4.025909479499763e-06
AFA,B*58:16,1.8255063078858243e-06
AFA,DPB1*92:01,5.75129925653744e-07
AFA,B*07:31,4.018620219888664e-06
AFA,C*07:112,6.901559107844908e-06
AFA,C*08:43,7.421958959389108e-06
AFA,B*51:31,5.751299256537438e-07
AFA,C*15:22,4.4814718033473264e-05
AFA,DPB1*246:01,2.300519690996822e-06
AFA,C*16:22,9.733562332775698e-06
AFA,B*41:04,2.2037665867938974e-06
AFA,B*51:139,1.1498599269909425e-06
AFA,B*57:05,2.5777187349020514e-05
AFA,A*02:06,0.000730884155101374
AFA,B*15:48,5.751299256537437e-07
AFA,B*15:12,2.3005182956516396e-06
AFA,B*40:27,3.425402499026664e-06
AFA,B*15:27,2.1477887757609452e-06
AFA,B*15:21,1.5994739095599074e-05
AFA,B*39:15,1.6606002750002232e-05
AFA,C*04:113,5.751299256537439e-07
AFA,B*15:14,1.9170997521791463e-07
AFA,DRB1*15:04,3.441954140363948e-06
AFA,B*48:03,1.3169925084831457e-05
AFA,C*12:09,1.1075171809548048e-06
AFA,C*15:15,7.476689033498671e-06
AFA,A*02:07,7.592214278304255e-05
AFA,B*55:12,4.894910373216161e-07
AFA,C*01:03,5.751299256537438e-07
AFA,C*01:08,5.751299256537438e-07
AFA,B*40:10,2.870231029790628e-06
AFA,A*02:08,4.025421000940982e-06
AFA,A*02:102,4.0240818367655e-06
AFA,A*02:107,5.751299256537437e-07
AFA,A*02:10,4.867726466903147e-07
AFA,A*02:115,2.2999605801846826e-06
AFA,A*02:11,0.0003702479881416168
AFA,C*04:26,3.450779413019654e-06
AFA,C*15:08,5.751299256537438e-07
AFA,A*02:121,5.751299256537438e-07
AFA,A*02:122,1.3802018085316227e-05
AFA,A*02:123,5.617243908598177e-07
AFA,A*02:12,1.148975353839425e-06
AFA,A*02:135,5.638000094020747e-07
AFA,A*02:13,1.6049556642659333e-05
AFA,A*02:145,4.3909645769880104e-07
AFA,A*02:14,0.0003454202593763224
AFA,DPB1*325:01,5.751299256537437e-07
AFA,C*04:27,0.00012046791497197363
AFA,B*18:09,5.75129925653744e-07
AFA,A*02:151,5.46149479444917e-07
AFA,A*02:16,2.8218024490383916e-05
AFA,A*02:177,1.7044569459655288e-05
AFA,A*02:17,0.00014251018624843826
AFA,B*15:40,5.719120374352962e-06
AFA,B*40:03,9.223236642454218e-06
AFA,B*78:02,5.169189851679463e-06
AFA,A*02:183,5.751299256537437e-07
AFA,A*02:186,7.464352177765142e-06
AFA,A*02:190,5.751299256537438e-07
AFA,A*02:193,3.45077908647384e-06
AFA,A*02:19,2.3005197026149755e-06
AFA,A*02:200,2.2435031045277977e-06
AFA,A*02:20,3.545274902160853e-05
AFA,A*02:211,1.1496899310781201e-06
AFA,A*02:216,1.7253897291479597e-06
AFA,A*02:221,5.649612287973858e-07
AFA,A*02:22,0.00014853589348469992
AFA,C*03:16,3.4446627339882245e-06
AFA,A*02:24,1.7132497087747217e-05
AFA,A*02:26,1.1276118096836904e-06
AFA,A*02:27,5.751299256537439e-07
AFA,A*02:29,5.751299031394742e-07
AFA,A*02:306,1.150259850754928e-06
AFA,A*02:30,5.751299256537437e-06
AFA,A*02:31,5.176169330883693e-06
AFA,A*02:320,5.024940916442214e-07
AFA,A*02:32N,5.510122613091323e-07
AFA,A*02:33,1.1450222635909478e-06
AFA,A*02:352,1.1502598513074875e-06
AFA,A*02:35,4.307763698434805e-06
AFA,A*02:36,5.751299256536541e-07
AFA,A*02:384,2.3003658005471664e-06
AFA,A*02:38,6.901557162150918e-06
AFA,A*02:39,5.510122613091323e-07
AFA,A*02:401,5.25544731464609e-07
AFA,A*02:410,5.751299256537437e-07
AFA,A*02:44,5.751299256537438e-07
AFA,A*02:45,1.4373475473033833e-06
AFA,A*02:47,8.904232269426425e-06
AFA,A*02:508,5.751299256537438e-07
AFA,A*02:50,5.749598678290413e-07
AFA,A*02:517,5.751299256537438e-07
AFA,A*02:52,1.1071961732448103e-06
AFA,A*02:531,1.1502598513074877e-06
AFA,A*02:60,0.0007002916478357714
AFA,DRB1*03:19,5.751299256537438e-07
AFA,A*02:63,2.1346496200360577e-05
AFA,A*02:64,5.598212150832362e-07
AFA,A*02:70,5.751299256537438e-07
AFA,A*02:74,1.7253897769612314e-06
AFA,A*02:77,1.1502598513074875e-06
AFA,A*02:80,9.531809169663464e-07
AFA,A*02:81,5.751299256537437e-07
AFA,A*02:84,1.2911112098674028e-05
AFA,A*02:85,6.851103553009679e-06
AFA,DPB1*495:01,1.1502598513074877e-06
AFA,A*02:86,1.7771661728763774e-05
AFA,A*02:87,5.751299256537438e-07
AFA,A*02:96,1.1403910930350158e-06
AFA,A*03:01,0.08296445500922056
AFA,DRB1*15:07,6.326429182191151e-06
AFA,B*45:03,5.751298259925351e-07
AFA,C*02:06,4.025909479576207e-06
AFA,DRB1*11:32,2.8369533668422736e-06
AFA,B*15:62,1.5374877793318334e-05
AFA,B*15:73,1.1502206943974962e-06
AFA,B*15:78,1.1459425866556344e-06
AFA,C*03:14,4.6001695462130405e-06
AFA,C*03:87,5.751299256537438e-07
AFA,DPB1*249:01,1.3227988290029173e-05
AFA,DPB1*96:01,4.025909477060054e-06
AFA,DPB1*482:01,5.751299256537438e-07
AFA,DPB1*65:01,2.3005197018892288e-06
AFA,B*35:49,1.6662613673754324e-05
AFA,B*44:28,4.582605469837273e-06
AFA,C*04:05,1.1035794820235208e-06
AFA,C*04:180,2.2087709493295656e-06
AFA,C*04:40,1.2041874037666476e-05
AFA,B*07:103,8.550718160484739e-06
AFA,B*15:83,4.598952383109464e-06
AFA,DPB1*432:01,5.751299256537438e-07
AFA,C*06:06,1.5379172056268697e-05
AFA,C*06:150,1.1502598513074875e-06
AFA,DRB1*13:23,6.208689486072638e-06
AFA,DPB1*382:01N,1.1502598513074875e-06
AFA,DPB1*64:01N,1.1502598513074875e-06
AFA,B*07:14,4.6010394045041064e-06
AFA,C*07:10,5.751299256536296e-07
AFA,C*07:15,1.1502588338731682e-06
AFA,C*07:255,1.1502598513074875e-06
AFA,C*07:29,5.751299256537437e-07
AFA,C*07:37,1.1502598513074873e-06
AFA,C*08:12,2.8717586588881834e-06
AFA,B*18:05,3.4505667031425443e-06
AFA,B*39:20,2.2374914585461102e-05
AFA,C*12:29,5.751299255999535e-07
AFA,C*12:59,8.013304404000266e-06
AFA,DPB1*441:01,2.3005197026149755e-06
AFA,DPA1*01:12,1.1502598513074875e-06
AFA,DPB1*315:01,1.7253897767256243e-06
AFA,C*17:09,4.003743350908863e-06
AFA,DRB1*16:10,1.0352338661767385e-05
AFA,A*03:02,0.0004638048224858483
AFA,B*27:09,1.1502598435096366e-05
AFA,C*14:04,7.474854279915582e-06
AFA,A*03:04,1.1502598513073374e-06
AFA,A*03:05,4.111163728302993e-06
AFA,A*03:06,2.875631078384309e-06
AFA,A*03:07,2.7161854880411154e-05
AFA,A*03:08,9.773164662930094e-06
AFA,A*03:09,4.294403786514303e-07
AFA,A*03:133,5.274657497014653e-07
AFA,A*03:158,5.549080424401117e-07
AFA,A*03:185,5.751299256537439e-07
AFA,A*03:214,5.708761642452221e-07
AFA,A*03:22,5.751299256537438e-07
AFA,A*03:233,5.751299256537438e-07
AFA,A*03:24,5.565542580631918e-06
AFA,A*03:51,1.2652858274074968e-05
AFA,A*03:57,5.120820348450593e-07
AFA,A*03:70,5.750962451993088e-07
AFA,A*11:01,0.01381067703550742
AFA,DRB1*10:02,2.3005197026149742e-06
AFA,B*48:24,5.751299256537435e-07
AFA,B*56:03,2.676733515455665e-06
AFA,B*55:05,1.1502598513074875e-06
AFA,C*03:17,1.1502598513074875e-06
AFA,DPB1*100:01,5.751299256537438e-07
AFA,B*35:24,1.1502598513073984e-06
AFA,C*04:06,1.7173807328718104e-06
AFA,B*40:26,1.1502598513074875e-06
AFA,C*07:16,5.006226145072771e-06
AFA,C*07:51,1.7253897769612312e-06
AFA,C*08:05,5.176168181756676e-06
AFA,C*08:30,5.751299256537438e-07
AFA,B*40:50,1.1486155583104111e-06
AFA,C*15:11,5.751297729395453e-06
AFA,A*11:02,2.707124682943373e-05
AFA,B*13:50,1.1502598513074873e-06
AFA,A*11:03,3.406583345139605e-05
AFA,A*11:05,6.901555748017964e-06
AFA,A*11:08,1.1428717385116245e-06
AFA,A*11:09,5.751277327716162e-07
AFA,A*11:11,5.732885996014898e-07
AFA,A*11:166,1.1502598513074875e-06
AFA,A*23:01,0.10586427164838648
AFA,DRB1*11:24,4.601039405229949e-06
AFA,C*02:27,1.0910981530134185e-05
AFA,C*02:33,2.592575787711789e-07
AFA,C*02:58,1.1502598513074875e-06
AFA,C*03:121N,4.025909479576206e-06
AFA,C*03:140,5.205813260329102e-07
AFA,C*03:190,4.6342110653004595e-07
AFA,B*15:64,1.6136809578375334e-06
AFA,B*35:63,1.1268039311399543e-06
AFA,DPB1*423:01,1.1320111136995045e-06
AFA,B*44:85,5.751299256537438e-07
AFA,DPB1*327:01,1.7245551263227696e-06
AFA,B*53:02,1.7215269841854714e-06
AFA,C*04:52,5.073501693470686e-06
AFA,C*05:103,1.1502598467058335e-06
AFA,DPB1*88:01,3.4507795452081375e-06
AFA,DPB1*661:01N,5.751299256537438e-07
AFA,B*50:17,2.8679565783108646e-06
AFA,C*06:127,2.300027618342539e-06
AFA,C*06:51,1.7153853732107851e-06
AFA,B*08:36,3.997353452133828e-06
AFA,B*35:253,5.751299256537438e-07
AFA,DPB1*95:01,2.3005197026149755e-06
AFA,DPB1*143:01,5.176169330883693e-06
AFA,DPB1*137:01,5.751299256537438e-07
AFA,C*07:119,5.751299256537438e-07
AFA,C*07:141,2.3005087733045657e-06
AFA,C*07:71,2.292051474428561e-06
AFA,B*81:05,4.600365064602107e-06
AFA,B*39:89,1.1502598511570492e-06
AFA,B*67:02,8.564646048757654e-06
AFA,B*51:83,5.751299256537438e-07
AFA,DPB1*50:01,1.7253897769612314e-06
AFA,C*14:67,5.751299256537438e-07
AFA,B*07:03,1.6173208405791363e-06
AFA,B*07:12,0.0001181486740351389
AFA,B*51:04,4.5966352687166625e-06
AFA,B*51:64,1.3761526531263176e-05
AFA,DPB1*75:01,1.1502598513074877e-06
AFA,DQB1*06:22,1.2077728438727792e-05
AFA,B*81:07,2.2790180705792954e-06
AFA,C*18:07N,1.1502598513074875e-06
AFA,A*23:02,3.599107377738785e-05
AFA,A*23:03,1.7036176463435604e-05
AFA,A*23:04,1.5180716429191556e-05
AFA,A*23:05,3.1111747332741665e-05
AFA,A*23:06,3.009034633202127e-05
AFA,A*23:10,5.709863551594332e-07
AFA,A*23:11N,1.563702233908268e-05
AFA,A*23:12,1.7253897769612312e-06
AFA,A*23:13,3.4507745763137103e-06
AFA,A*23:15,0.00010355536925191132
AFA,A*23:19N,7.739575394717523e-05
AFA,A*23:21,5.751299256537438e-07
AFA,A*23:31,3.4507795539224607e-06
AFA,A*23:34,1.6823113374093023e-06
AFA,A*23:37,5.751299256537438e-07
AFA,A*23:45,5.751293556967592e-07
AFA,A*23:50,5.751299256537438e-07
AFA,A*23:52,5.751299256537438e-07
AFA,A*23:53,5.164650195883133e-07
AFA,A*23:56,4.025909479576206e-06
AFA,A*23:60,5.202832857353971e-07
AFA,A*24:02,0.02710817918552329
AFA,B*35:102,5.751299256537438e-07
AFA,C*01:67,1.1502586411710126e-06
AFA,C*01:70,5.751299256537438e-07
AFA,B*15:33,1.1502598513074875e-06
AFA,B*15:71,1.1502598502164504e-06
AFA,B*35:23,2.2933370535750665e-06
AFA,DPB1*62:01,1.1502598513074877e-06
AFA,B*35:121,5.751299256537437e-07
AFA,B*35:31,2.8535476649251243e-06
AFA,C*03:10,5.176169330880121e-06
AFA,C*03:11,2.875649628268711e-06
AFA,C*03:13,1.1502598513074875e-06
AFA,DPB1*78:01,5.751299256537438e-07
AFA,B*35:22,1.926291440770126e-06
AFA,B*35:30,1.7253897731423258e-06
AFA,B*35:61,5.751299256537438e-07
AFA,B*15:06,2.762342952534908e-07
AFA,B*15:195,2.762342952534908e-07
AFA,B*44:06,1.1075475499758618e-06
AFA,B*44:148,1.1502598513074875e-06
AFA,B*07:42,2.3005197026149747e-06
AFA,B*08:43,1.7253897769612312e-06
AFA,B*38:06,2.8756496282687187e-06
AFA,B*39:33,1.1502598513074875e-06
AFA,C*07:314,5.751299222537609e-07
AFA,B*48:04,1.692036058687408e-06
AFA,DRB5*01:03,4.782692687387324e-06
AFA,B*51:19,5.307529040845731e-07
AFA,C*15:07,3.3665438375194175e-06
AFA,C*15:42,5.751299256537438e-07
AFA,C*16:21,1.1502598513074875e-06
AFA,C*18:05,1.1502598513074875e-06
AFA,A*24:03,0.000390081310342391
AFA,DPB1*201:01,5.751299256537438e-07
AFA,DQB1*06:33,5.7106794826090685e-06
AFA,DPB1*240:01,5.75129925653744e-07
AFA,C*14:10,1.2760145240264385e-05
AFA,A*24:05,1.0032847287811067e-05
AFA,A*24:07,0.0004698404718744826
AFA,B*56:04,1.1097925308650141e-06
AFA,A*24:10,6.320480561457653e-06
AFA,A*24:13,2.2027201072505027e-06
AFA,A*24:14,8.089990005608407e-06
AFA,A*24:15,2.875649628268719e-07
AFA,A*24:17,9.777207228661641e-06
AFA,A*24:20,1.949086358715122e-06
AFA,A*24:21,5.751299256537438e-07
AFA,A*24:22,5.751265646392319e-07
AFA,A*24:23,0.00019387501231819866
AFA,A*24:24,9.057511339944726e-06
AFA,A*24:25,4.025909479575254e-06
AFA,A*24:26,1.1501928994491288e-06
AFA,A*24:28,1.1502598513074875e-06
AFA,A*24:29,1.1436137335175408e-06
AFA,B*27:01,1.7253658038431861e-06
AFA,A*24:31,3.417972007581883e-06
AFA,A*24:36N,5.751299256537438e-07
AFA,A*24:38,5.751299256537438e-07
AFA,A*24:53,2.875649628268719e-07
AFA,A*24:64,1.1421886564250985e-06
AFA,A*24:77,5.703856014035828e-07
AFA,A*24:90N,2.1692441502093922e-06
AFA,A*25:01,0.002770983022290451
AFA,DRB1*11:29,3.616278659699297e-06
AFA,C*12:13,5.639850270171446e-07
AFA,B*41:07,2.2550162467999073e-06
AFA,A*25:02,4.601039405228129e-06
AFA,A*26:01,0.013694343984050972
AFA,B*27:14,2.395600713195619e-05
AFA,B*44:25,5.751299256537438e-07
AFA,C*02:30,5.751299256537438e-07
AFA,B*08:23,1.4252869480736123e-05
AFA,B*15:34,1.685468741943974e-06
AFA,B*53:08,2.2998871850367487e-06
AFA,B*53:20,9.200957959727895e-06
AFA,C*04:32,3.419502800908032e-06
AFA,C*06:50,1.1502363906594066e-06
AFA,B*18:06,1.6386478708949294e-06
AFA,B*07:15,1.7228643053462688e-06
AFA,B*38:09,1.725389776961231e-06
AFA,C*15:25,2.8735625556532095e-06
AFA,B*51:127,1.7253897769612312e-06
AFA,A*26:02,4.557354885483572e-06
AFA,A*26:03,7.785350303838472e-06
AFA,A*26:05,5.200285662171733e-07
AFA,A*26:07,5.975742914580879e-06
AFA,A*26:08,0.00017339674347154448
AFA,A*26:09,7.457239098684306e-06
AFA,A*26:12,0.00028625910296585917
AFA,A*26:13,5.751299256536754e-07
AFA,A*26:17,5.751299256537438e-07
AFA,A*26:19,1.7207289814811743e-06
AFA,A*26:27,5.751299256537438e-07
AFA,A*26:30,6.901454569058218e-06
AFA,A*26:42,5.176169330883695e-06
AFA,A*26:73,5.751299256537437e-07
AFA,A*29:01,0.0005262214618920496
AFA,C*16:35,5.218913721761171e-07
AFA,A*29:02,0.024698866768609405
AFA,B*56:16,2.3005197026149747e-06
AFA,B*15:282,1.0499892940167202e-06
AFA,DPB1*370:01,1.1502598513074877e-06
AFA,DPB1*631:01,1.7253897769612318e-06
AFA,B*35:28,1.150259850137124e-06
AFA,B*44:50,8.550362797884002e-06
AFA,B*58:25,5.751298863840142e-07
AFA,C*06:07,1.1483498445953518e-06
AFA,C*06:32,2.300519702614975e-06
AFA,B*35:119,5.686939194532227e-07
AFA,B*08:55,1.150259433397121e-06
AFA,C*12:19,1.610359293239756e-05
AFA,B*57:09,2.126446909599608e-05
AFA,A*29:09,5.119641615554599e-06
AFA,A*29:10,2.8390010568302175e-06
AFA,A*29:11,1.3706605107098535e-05
AFA,A*29:13,1.15025985130721e-06
AFA,A*29:14,5.17608154500985e-06
AFA,A*29:15,1.5045464966530282e-06
AFA,A*29:23,9.728330502724076e-06
AFA,A*29:31,5.751299256537435e-07
AFA,A*29:37,1.725389776961231e-06
AFA,A*29:40,2.8756496282687187e-06
AFA,A*29:52,5.724687620369137e-07
AFA,A*29:53,5.751299256537438e-07
AFA,A*30:01,0.07095803862070303
AFA,C*02:05,1.7253897769612312e-06
AFA,C*02:73,5.75129924111848e-07
AFA,C*03:264,5.751295663212088e-07
AFA,DQB1*06:46,5.720615358399937e-06
AFA,DPB1*241:01,1.1502598513074877e-06
AFA,C*04:120,5.751299256537438e-07
AFA,B*18:14,5.751299256537439e-07
AFA,DPB1*347:01,1.7253897769612318e-06
AFA,B*07:57,1.1404222356460767e-06
AFA,DRB1*11:08,9.114005188056864e-06
AFA,B*39:39,5.751299256537438e-07
AFA,DPB1*48:01,5.751299256537438e-07
AFA,DPB1*67:01,5.751299256537437e-07
AFA,B*18:57,5.751299250914173e-07
AFA,B*78:07,5.751299256532009e-07
AFA,C*16:50,6.32642918219118e-06
AFA,C*16:98,5.751299256537438e-07
AFA,DQB1*03:127,1.7253897769612304e-06
AFA,B*42:04,1.7253850877896903e-06
AFA,B*42:08,2.300519702614716e-06
AFA,B*42:09,4.02590429575488e-06
AFA,B*42:13,2.286299946175822e-06
AFA,B*42:22,5.751299256537439e-07
AFA,B*42:23,5.751299256537438e-07
AFA,C*17:14,5.736218081503947e-07
AFA,C*17:26,5.697240543917283e-07
AFA,DPB1*110:01,1.1502598513074877e-06
AFA,B*57:42,1.7253897767265368e-06
AFA,A*30:02,0.06827487825529656
AFA,DRB1*11:65,2.067360567943216e-05
AFA,B*58:38,5.455725680782446e-07
AFA,DPB1*238:01,5.751299256537438e-07
AFA,B*15:312,1.7253897769612312e-06
AFA,B*15:313,5.751299256537437e-07
AFA,C*03:198,5.751232611927877e-07
AFA,C*04:11,1.4096413687185945e-06
AFA,C*04:49,5.751299256537438e-07
AFA,C*04:53,2.3005196899648307e-06
AFA,B*44:37,1.148383623175506e-06
AFA,C*05:120,5.751299256537438e-07
AFA,C*05:128N,5.748661238732444e-07
AFA,DRB1*01:11,2.543351631369127e-06
AFA,DRB1*15:57,4.601039405229949e-06
AFA,B*57:07,1.7253897769610887e-06
AFA,C*07:184,8.045937011229468e-06
AFA,DPB1*333:01,5.751276902989861e-07
AFA,C*08:37,5.728383716559785e-07
AFA,C*08:63,5.751299256537438e-07
AFA,C*12:07,9.201731509705549e-06
AFA,C*16:08,5.176168187639213e-06
AFA,C*16:65,5.751299255280483e-07
AFA,DRB1*16:14,4.576894294249894e-06
AFA,C*18:03,1.2077724221352738e-05
AFA,A*30:03,5.690648266858439e-07
AFA,A*30:04,0.0021124024750382685
AFA,C*02:04,1.725389576733909e-06
AFA,DPB1*256:01,1.1502598513074877e-06
AFA,A*30:07,0.00020475508099899211
AFA,A*30:08,1.747426122747557e-05
AFA,A*30:09,5.9265400408404894e-05
AFA,A*30:103,5.751299256537438e-07
AFA,A*30:107,5.749805800634602e-07
AFA,A*30:10,0.00010326034282017779
AFA,B*13:74,5.751299256537438e-07
AFA,A*30:16,1.586967571965916e-05
AFA,A*30:25,5.751299256537438e-07
AFA,A*30:28,7.58696739274428e-06
AFA,A*30:30,5.751299256537438e-07
AFA,A*30:31,4.00531221873752e-06
AFA,A*30:32,3.450779553922463e-06
AFA,A*30:45,2.3005197026149747e-06
AFA,A*30:56,5.751299256537438e-07
AFA,A*30:59N,5.751299256537438e-07
AFA,A*30:61,5.75129925643544e-07
AFA,A*30:65,1.1501908831806936e-06
AFA,A*30:70N,6.901559107844926e-06
AFA,A*30:78N,9.17143623981531e-06
AFA,A*30:88,5.751299256537438e-07
AFA,A*31:01,0.009980780415005575
AFA,C*01:10,5.751299256537438e-07
AFA,B*15:38,5.751299256537438e-07
AFA,B*40:31,5.751299256537438e-07
AFA,C*03:08,1.7253897727222292e-06
AFA,B*35:59,5.7512992503813875e-06
AFA,B*39:14,2.2067375043634094e-06
AFA,C*07:33N,1.4431737623912779e-06
AFA,B*51:13,1.1502563607786269e-06
AFA,B*48:06,6.32642917822949e-06
AFA,B*52:02,5.439666275354891e-07
AFA,C*15:34,3.450748550946987e-06
AFA,A*31:02,4.580723128913323e-06
AFA,A*31:04,0.00021844444307676192
AFA,B*27:139,5.751299256537438e-07
AFA,A*31:06,5.655079346285897e-07
AFA,A*31:09,1.149896908723539e-06
AFA,A*31:12,5.751299253280559e-07
AFA,A*31:146,5.751299256537437e-07
AFA,A*31:15,2.8756496282687187e-06
AFA,A*31:16,5.751299256537438e-07
AFA,A*31:18,5.751299256537438e-07
AFA,A*31:37,1.7253897769612312e-06
AFA,A*31:77,1.725389668421144e-06
AFA,A*31:85,5.75129925652251e-07
AFA,A*32:01,0.015078219065131425
AFA,C*05:22,5.751299256537438e-07
AFA,DPB1*200:01,1.1502598513074875e-06
AFA,A*32:03,1.150258676226434e-06
AFA,A*32:04,2.8437819506935105e-06
AFA,A*32:07,4.56894790948761e-06
AFA,A*32:08,2.300019839803905e-06
AFA,A*32:09,5.751299256537435e-07
AFA,A*32:17,1.2791851901151925e-06
AFA,A*32:26,5.751299256537438e-07
AFA,A*33:01,0.01860294116671419
AFA,DPB1*89:01,1.7253897769612308e-06
AFA,DPB1*264:01,5.751299256537438e-07
AFA,DPB1*72:01,2.8756495269863596e-06
AFA,B*40:14,2.300398587085417e-06
AFA,C*05:11,1.0352338649344798e-05
AFA,DRB1*11:48,1.2060470062975069e-05
AFA,DPB1*77:01,5.751299256537437e-07
AFA,C*08:53,5.751299256537438e-07
AFA,C*16:40,4.02377170259163e-06
AFA,A*33:03,0.0551927923099698
AFA,B*15:107,5.751299254011149e-07
AFA,C*02:55,1.1502598513074875e-06
AFA,DPB1*580:01,5.751299256537433e-07
AFA,DRB1*13:27,3.3953169231009324e-06
AFA,DPB1*346:01,5.75129925653744e-07
AFA,DPB1*493:01,1.7253897769612308e-06
AFA,B*44:163,5.751299256537438e-07
AFA,B*53:26,1.7253897769612312e-06
AFA,C*06:30,5.371364626534968e-07
AFA,B*45:02,3.2451125186683514e-05
AFA,B*15:254,1.1502598513074875e-06
AFA,B*15:95,1.7156078855391668e-06
AFA,A*33:05,6.052798275265424e-05
AFA,A*33:06,1.7158401480098276e-06
AFA,A*33:07,1.4610094034752634e-06
AFA,A*33:103,5.751299256537441e-07
AFA,A*33:10,5.74950856294044e-07
AFA,A*33:11,2.8755589356345084e-06
AFA,A*33:123N,1.7253897769612314e-06
AFA,A*33:21,5.751299256537438e-07
AFA,A*33:36,1.7013637628588325e-06
AFA,A*33:54,5.737263760146009e-07
AFA,A*34:01,6.672863684048997e-05
AFA,DPB1*31:01,5.751299256537438e-07
AFA,A*34:02,0.033716701836214065
AFA,C*04:202,5.751299256537438e-07
AFA,B*58:06,8.53029306266704e-06
AFA,C*07:212,5.751299256537435e-07
AFA,DPB1*292:01,5.751299256537436e-07
AFA,A*34:03,1.0352291377248893e-05
AFA,A*34:05,1.1500109163761057e-06
AFA,A*34:07,5.75128895211068e-06
AFA,A*34:09,5.751292639657928e-07
AFA,A*34:21,5.751299256537438e-07
AFA,A*36:01,0.027274632472044386
AFA,C*02:12,6.325535838613851e-06
AFA,B*51:148,2.3005197026149747e-06
AFA,C*04:121,2.300519702614975e-06
AFA,C*07:332,5.751299256537438e-07
AFA,C*07:65,5.592720319560267e-07
AFA,B*45:09,2.300469709704571e-06
AFA,A*36:03,9.854848289612184e-05
AFA,A*36:05,1.1502598513074873e-06
AFA,A*43:01,0.00011058577037833941
AFA,DPB1*58:01,5.751299256537438e-07
AFA,A*66:01,0.01455745700820758
AFA,DPB1*358:01,5.751299256537438e-07
AFA,DPB1*159:01N,5.751299256537437e-07
AFA,B*58:46,1.1502598513074873e-06
AFA,C*06:126,5.705047194327647e-07
AFA,DRB5*01:10N,1.6957920502398013e-06
AFA,B*15:132,1.7253897769612312e-06
AFA,A*66:02,0.008950109229234556
AFA,B*58:04,1.0352338661767388e-05
AFA,DPB1*912:01,5.751299256537436e-07
AFA,A*66:03,0.0018147887794475852
AFA,DRB1*14:114,4.024741921981336e-06
AFA,C*08:18,5.751299256537439e-07
AFA,A*66:04,5.696160163002711e-06
AFA,A*66:12,5.751299256537435e-07
AFA,A*68:01,0.03766346250020895
AFA,B*15:91,1.0236400953608607e-06
AFA,C*02:94,5.751299256537438e-07
AFA,B*40:20,5.751299256537438e-07
AFA,C*03:40,1.1502598512997116e-06
AFA,B*15:45,1.7108623526504813e-06
AFA,B*35:09,5.751299256537438e-07
AFA,B*53:22,1.150251222486338e-06
AFA,DRB1*04:106,3.4507795539224624e-06
AFA,DRB3*02:07,5.626502807982642e-06
AFA,B*58:07,1.1502598513074871e-06
AFA,DPB1*08:01,5.751299256537437e-07
AFA,DRB1*11:36,4.478692048204392e-06
AFA,B*07:13,3.6792106936073565e-05
AFA,B*08:16,7.453618690023709e-06
AFA,C*07:12,5.751299256537438e-07
AFA,B*15:32,5.751299256537438e-07
AFA,C*14:11,5.751299256537438e-07
AFA,C*15:116,4.792749380447864e-07
AFA,B*45:06,2.300519702614975e-06
AFA,C*16:15,5.751299256537438e-07
AFA,C*16:86,1.148322586798112e-06
AFA,A*68:02,0.06214533283226755
AFA,DPA1*02:09,5.751299256537438e-07
AFA,DRB4*01:70,5.751299256537438e-07
AFA,B*15:61,3.4383214361738785e-06
AFA,DRB3*02:08,4.79120985242874e-07
AFA,B*15:323,5.751299256537437e-07
AFA,B*15:99,2.3005197026149747e-06
AFA,B*15:383,5.751199641322805e-07
AFA,DPB1*204:01,5.751299256537395e-07
AFA,DPB1*367:01,5.751299256537438e-07
AFA,C*06:138,1.1502598513074873e-06
AFA,DPB1*512:01,1.7253897543891286e-06
AFA,B*14:12,4.601039405220374e-06
AFA,C*12:33,1.3645410876934113e-07
AFA,A*68:03,0.00015027221257493954
AFA,A*68:04,1.7253869021686834e-06
AFA,A*68:05,2.394234945201868e-05
AFA,A*68:07,3.867181934498393e-06
AFA,A*68:08,2.7921023728161708e-05
AFA,A*68:106,5.747028547183182e-07
AFA,A*68:10,0.00016832404406341014
AFA,A*68:110,1.1500177944036002e-06
AFA,A*68:125,1.1502598513074875e-06
AFA,A*68:127,5.751299256537438e-07
AFA,A*68:128,5.751299256537438e-07
AFA,A*68:12,1.1502598513074875e-06
AFA,A*68:133,5.751299256537439e-07
AFA,A*68:138,5.751299256537438e-07
AFA,A*68:140,5.700078281376836e-07
AFA,A*68:15,0.0001685539439467289
AFA,A*68:17,1.7251792788869934e-06
AFA,A*68:193,5.751299256537438e-07
AFA,A*68:19,2.875649628268719e-06
AFA,A*68:21,5.751299256537438e-07
AFA,A*68:24,5.751299256537437e-07
AFA,A*68:25,5.751299256537439e-07
AFA,A*68:26,2.8756496282687187e-06
AFA,A*68:27,3.4507795539155836e-06
AFA,A*68:28,4.67544437831896e-06
AFA,A*68:30,8.599311326329344e-07
AFA,A*68:31,2.300518675824752e-06
AFA,A*68:34,1.1502598513074875e-06
AFA,A*68:39,2.300519702614975e-06
AFA,A*68:40,1.3803104804779684e-05
AFA,A*68:44,4.60102786339737e-06
AFA,A*68:54,1.1501326390147701e-05
AFA,A*68:55,5.751299256537437e-07
AFA,A*68:60,7.4437313145625394e-06
AFA,A*68:67,1.82596488556899e-05
AFA,A*68:68,1.091528678358591e-05
AFA,A*68:75,2.300519702614975e-06
AFA,A*68:77,1.1502598513074875e-06
AFA,A*68:82,5.751299256537436e-07
AFA,A*69:01,0.00031436274453633346
AFA,A*74:01,0.05602336851300089
AFA,B*44:144,5.751299234538026e-07
AFA,C*02:76,1.1462622564793745e-06
AFA,B*53:25,5.751299256537438e-07
AFA,C*04:201,5.751299255941752e-07
AFA,DRB1*13:36,5.751299256525314e-06
AFA,B*53:14,5.693826329539931e-07
AFA,C*18:09,5.751299256537438e-07
AFA,A*74:03,0.000429756726853828
AFA,DPB1*83:01,5.751299256537438e-07
AFA,DPA1*01:06,5.751299256537438e-07
AFA,A*74:04,1.149467495146029e-06
AFA,A*74:05,1.149598395604949e-06
AFA,A*74:06,4.9753202461232225e-06
AFA,A*74:08,1.1083835216372319e-06
AFA,A*74:09,0.00030757946386605444
AFA,A*74:10,1.0294555304373104e-05
AFA,A*74:11,0.00024873590620635836
AFA,A*74:13,7.896154064814758e-06
AFA,A*74:16,6.889386144035669e-06
AFA,A*74:17,1.1502598513074873e-06
AFA,A*74:18,1.1502598513074875e-06
AFA,A*74:20,5.527735458704811e-07
AFA,A*74:22,1.1502598513074875e-06
AFA,A*74:25,5.751299256537438e-07
AFA,A*74:28,1.1502598513074873e-06
AFA,A*80:01,0.00760152023578703
AFA,C*02:49,8.017752485067419e-06
AFA,B*45:23,5.75129477058616e-07
