Amino Acid Position,Mean of Mismatch Frequency,Variance of Mismatch Frequency
A_3,0.000155,3.40E-10
A_6,7.80E-06,5.65E-11
A_7,0.000499,7.83E-10
A_9,0.769125,2.77E-07
A_12,0.03105,5.76E-08
A_14,9.31E-05,4.02E-10
A_17,0.07849,5.93E-09
A_19,0.000444,1.56E-09
A_21,3.00E-06,1.00E-11
A_23,6.00E-07,3.60E-12
A_30,6.00E-06,3.20E-11
A_31,0.002522,3.60E-12
A_33,6.00E-07,3.60E-12
A_35,0.002523,6.41E-12
A_36,6.00E-06,4.00E-11
A_41,3.60E-06,1.76E-11
A_43,0.031898,1.65E-07
A_44,0.180524,7.22E-10
A_47,3.66E-05,1.48E-10
A_48,7.20E-06,4.65E-11
A_49,3.60E-06,2.56E-11
A_50,5.40E-06,2.76E-11
A_54,0.000109,5.59E-10
A_56,0.125762,1.79E-09
A_57,6.00E-07,3.60E-12
A_62,0.853824,2.80E-08
A_63,0.295951,6.78E-09
A_65,0.181246,4.50E-09
A_66,0.377221,1.16E-08
A_67,0.180492,7.99E-10
A_68,4.80E-06,3.04E-11
A_69,3.78E-05,4.49E-10
A_70,0.360632,3.83E-07
A_73,0.096397,1.82E-08
A_74,0.306915,6.14E-08
A_75,1.80E-06,8.41E-12
A_76,0.561555,1.42E-07
A_77,0.462043,1.72E-07
A_79,0.241248,8.31E-09
A_80,0.240079,4.31E-09
A_81,0.240079,4.31E-09
A_82,0.240079,4.31E-09
A_83,0.240079,4.31E-09
A_87,4.20E-06,1.64E-11
A_90,0.311915,3.78E-08
A_91,1.80E-06,8.41E-12
A_92,3.60E-06,3.36E-11
A_95,0.542952,2.23E-07
A_97,0.718523,1.39E-07
A_99,0.186635,3.41E-08
A_102,0.005224,4.76E-09
A_105,0.353322,5.97E-08
A_106,1.80E-06,1.64E-11
A_107,0.304119,1.56E-08
A_108,3.60E-06,9.61E-12
A_109,0.071436,4.90E-10
A_111,3.72E-05,2.55E-10
A_113,1.20E-06,6.41E-12
A_114,0.737266,7.91E-08
A_115,6.00E-06,0
A_116,0.491199,6.44E-08
A_120,1.20E-05,4.81E-11
A_125,7.38E-05,1.69E-10
A_127,0.388112,1.05E-08
A_137,1.20E-06,6.41E-12
A_138,1.80E-06,8.41E-12
A_139,6.00E-07,3.60E-12
A_141,2.70E-05,2.58E-10
A_142,0.34274,1.51E-08
A_144,0.36143,1.25E-08
A_145,0.342779,1.75E-08
A_149,0.102201,2.76E-08
A_150,0.180513,7.59E-10
A_151,0.309281,1.27E-08
A_152,0.640623,9.91E-08
A_153,2.40E-06,9.61E-12
A_156,0.67898,1.59E-07
A_158,0.180568,1.55E-09
A_161,0.176708,1.58E-09
A_163,0.317034,5.00E-09
A_165,6.00E-07,3.60E-12
A_166,0.302302,3.84E-08
A_167,0.302292,3.84E-08
A_169,1.20E-06,6.41E-12
A_171,0.021035,3.47E-08
A_172,1.20E-06,6.41E-12
A_175,6.60E-06,1.96E-11
A_177,7.26E-05,9.17E-11
A_182,3.00E-06,1.00E-11
B_3,1.20E-05,0
B_4,0.005824,2.76E-09
B_7,7.08E-05,2.47E-10
B_9,0.428655,2.37E-08
B_11,0.341754,1.54E-07
B_12,0.359351,4.26E-08
B_14,4.80E-06,3.84E-11
B_15,6.00E-07,3.60E-12
B_20,1.80E-06,8.41E-12
B_21,3.90E-05,1.00E-11
B_23,5.40E-06,1.96E-11
B_24,0.715944,1.77E-08
B_30,0.068627,4.34E-10
B_32,0.339357,1.31E-08
B_35,7.80E-06,4.04E-11
B_41,0.324831,3.54E-09
B_43,7.08E-05,2.15E-10
B_45,0.856458,9.34E-09
B_46,0.18898,1.29E-09
B_49,2.94E-05,4.36E-11
B_52,0.001533,3.13E-10
B_56,3.60E-06,2.56E-11
B_58,3.24E-05,4.97E-11
B_59,0.001109,1.62E-09
B_60,6.00E-07,3.60E-12
B_61,1.38E-05,8.41E-12
B_62,0.090198,5.29E-10
B_63,0.404493,1.10E-07
B_65,0.102611,2.64E-09
B_66,0.106792,3.54E-09
B_67,0.898286,1.09E-07
B_69,0.313095,9.40E-09
B_70,0.403549,1.49E-08
B_71,0.309327,8.70E-09
B_72,1.20E-06,6.41E-12
B_73,1.62E-05,9.65E-11
B_74,0.354884,2.42E-08
B_75,1.26E-05,5.17E-11
B_76,0.003952,9.65E-11
B_77,0.446462,3.87E-08
B_79,1.08E-05,2.24E-11
B_80,0.553556,1.22E-08
B_81,0.357229,1.43E-08
B_82,0.374103,7.82E-09
B_83,0.374105,8.07E-09
B_84,1.20E-05,0
B_90,0.000617,8.05E-11
B_92,2.40E-06,9.61E-12
B_94,0.339073,4.87E-08
B_95,0.643392,1.37E-07
B_96,3.60E-05,0
B_97,0.742894,9.01E-08
B_98,0.000612,4.99E-09
B_99,0.029852,1.05E-08
B_103,0.312202,7.54E-08
B_104,1.80E-06,8.41E-12
B_109,0.015013,7.40E-08
B_110,2.40E-06,1.76E-11
B_113,0.324544,2.20E-08
B_114,0.50853,1.87E-07
B_115,2.10E-05,9.01E-11
B_116,0.938154,3.07E-07
B_118,3.00E-06,3.40E-11
B_127,8.88E-05,3.67E-10
B_128,1.50E-05,8.21E-11
B_130,9.61E-06,1.76E-11
B_131,0.323839,1.11E-08
B_135,1.80E-06,8.41E-12
B_136,1.62E-05,1.64E-11
B_137,6.96E-05,3.38E-10
B_138,6.00E-06,1.60E-11
B_139,1.38E-05,8.85E-11
B_143,0.088262,9.79E-09
B_145,0.036165,3.80E-10
B_147,0.088216,8.48E-09
B_148,1.80E-06,8.41E-12
B_151,7.14E-05,9.17E-11
B_152,0.380331,1.42E-07
B_153,1.80E-06,8.41E-12
B_155,2.40E-06,1.76E-11
B_156,0.579338,1.06E-07
B_158,0.07342,1.54E-09
B_159,6.00E-07,3.60E-12
B_162,0.001531,1.41E-09
B_163,0.649565,5.93E-09
B_165,6.00E-07,3.60E-12
B_166,0.000357,9.07E-10
B_167,0.194775,7.19E-09
B_170,3.60E-06,9.61E-12
B_171,0.212885,1.81E-08
B_177,0.307522,7.72E-09
B_178,0.219463,5.56E-09
B_179,1.20E-06,6.41E-12
B_180,0.307533,7.17E-09
B_181,5.40E-06,2.76E-11
C_5,4.20E-06,1.64E-11
C_6,0.074042,1.75E-08
C_7,4.74E-05,1.72E-10
C_8,1.20E-06,6.41E-12
C_9,0.746408,4.57E-07
C_10,1.20E-06,6.41E-12
C_11,0.276292,1.26E-07
C_12,1.20E-06,6.41E-12
C_13,1.20E-06,6.41E-12
C_14,0.212051,9.64E-08
C_15,6.42E-05,1.93E-10
C_16,0.100432,9.51E-08
C_17,5.40E-06,1.16E-11
C_18,3.00E-06,1.80E-11
C_19,2.40E-06,9.61E-12
C_21,0.313551,1.63E-07
C_22,1.20E-06,6.41E-12
C_23,1.20E-06,6.41E-12
C_24,0.441427,2.79E-07
C_25,4.20E-05,5.61E-11
C_26,1.20E-06,6.41E-12
C_27,1.20E-06,6.41E-12
C_28,2.40E-06,1.76E-11
C_29,9.61E-06,3.36E-11
C_30,1.20E-06,6.41E-12
C_31,1.20E-06,6.41E-12
C_32,1.20E-06,6.41E-12
C_33,1.20E-06,6.41E-12
C_34,1.44E-05,9.61E-12
C_35,0.196571,4.13E-08
C_36,2.40E-06,1.76E-11
C_37,1.20E-06,6.41E-12
C_38,1.20E-06,6.41E-12
C_39,1.20E-06,6.41E-12
C_40,1.20E-06,6.41E-12
C_41,1.20E-06,6.41E-12
C_42,1.20E-06,6.41E-12
C_43,1.44E-05,6.57E-11
C_44,1.20E-06,6.41E-12
C_45,2.28E-05,2.07E-10
C_46,1.20E-06,6.41E-12
C_47,2.70E-05,5.81E-11
C_48,4.80E-06,2.24E-11
C_49,0.209352,1.08E-07
C_50,1.98E-05,2.44E-11
C_51,1.20E-06,6.41E-12
C_52,1.20E-06,6.41E-12
C_53,1.20E-06,6.41E-12
C_54,0.000307,1.66E-09
C_55,1.20E-06,6.41E-12
C_56,5.94E-05,5.17E-11
C_57,1.20E-06,6.41E-12
C_58,4.80E-06,2.24E-11
C_59,9.61E-06,2.56E-11
C_60,1.20E-06,6.41E-12
C_61,1.20E-06,6.41E-12
C_62,2.40E-06,9.61E-12
C_63,1.80E-06,8.41E-12
C_64,1.20E-06,6.41E-12
C_65,1.80E-06,1.64E-11
C_66,0.230643,3.03E-07
C_67,1.20E-06,6.41E-12
C_68,1.20E-06,6.41E-12
C_69,1.80E-06,8.41E-12
C_70,7.80E-06,8.41E-12
C_71,9.01E-06,1.80E-11
C_72,8.34E-05,2.44E-10
C_73,0.44517,1.83E-07
C_74,7.80E-06,8.41E-12
C_75,1.68E-05,5.45E-11
C_76,2.76E-05,9.77E-11
C_77,0.448801,2.91E-07
C_78,1.26E-05,4.36E-11
C_79,4.98E-05,7.25E-11
C_80,0.448761,2.90E-07
C_81,1.26E-05,4.36E-11
C_82,1.26E-05,4.36E-11
C_83,1.32E-05,3.84E-11
C_84,1.26E-05,4.36E-11
C_85,1.26E-05,4.36E-11
C_86,1.32E-05,4.65E-11
C_87,1.26E-05,4.36E-11
C_88,1.26E-05,4.36E-11
C_89,1.26E-05,4.36E-11
C_90,0.45454,3.62E-07
C_91,0.083759,9.26E-08
C_92,1.38E-05,5.65E-11
C_93,1.38E-05,5.65E-11
C_94,0.248734,2.23E-07
C_95,0.289481,3.79E-07
C_96,3.00E-05,1.28E-10
C_97,0.319194,1.27E-07
C_98,3.36E-05,1.06E-10
C_99,0.536836,2.55E-07
C_100,3.00E-05,1.28E-10
C_101,3.18E-05,1.37E-10
C_102,5.94E-05,2.68E-10
C_103,0.219574,8.15E-08
C_104,3.00E-05,1.28E-10
C_105,3.06E-05,1.24E-10
C_106,3.96E-05,1.54E-10
C_107,5.52E-05,1.35E-10
C_108,3.54E-05,1.24E-10
C_109,3.24E-05,1.46E-10
C_110,3.00E-05,1.28E-10
C_111,2.46E-05,1.40E-10
C_112,0.000136,4.33E-10
C_113,0.045315,5.17E-08
C_114,0.373546,2.52E-07
C_115,3.00E-05,1.28E-10
C_116,0.700495,2.27E-07
C_117,3.12E-05,1.19E-10
C_118,3.42E-05,1.69E-10
C_119,7.74E-05,4.04E-10
C_120,3.54E-05,1.72E-10
C_121,3.42E-05,1.69E-10
C_122,3.42E-05,1.69E-10
C_123,4.08E-05,1.75E-10
C_124,3.42E-05,1.69E-10
C_125,8.88E-05,6.55E-10
C_126,3.42E-05,1.69E-10
C_127,3.42E-05,1.69E-10
C_128,3.42E-05,1.69E-10
C_129,3.78E-05,2.01E-10
C_130,3.42E-05,1.69E-10
C_131,0.000106,7.54E-10
C_132,3.42E-05,1.69E-10
C_133,3.42E-05,1.69E-10
C_134,4.62E-05,1.53E-10
C_135,4.56E-05,3.14E-10
C_136,3.42E-05,1.69E-10
C_137,3.42E-05,1.69E-10
C_138,0.182393,4.22E-08
C_139,3.42E-05,1.69E-10
C_140,3.42E-05,1.69E-10
C_141,6.36E-05,2.18E-10
C_142,3.54E-05,1.72E-10
C_143,0.030562,3.63E-09
C_144,3.54E-05,1.72E-10
C_145,3.54E-05,1.72E-10
C_146,3.54E-05,1.72E-10
C_147,0.362437,2.22E-07
C_148,3.78E-05,2.01E-10
C_149,3.54E-05,1.72E-10
C_150,3.60E-05,1.76E-10
C_151,4.50E-05,2.66E-10
C_152,0.407567,1.85E-07
C_153,4.14E-05,2.20E-10
C_154,3.54E-05,1.72E-10
C_155,3.54E-05,1.72E-10
C_156,0.796956,2.46E-07
C_157,3.54E-05,1.72E-10
C_158,3.96E-05,1.94E-10
C_159,3.54E-05,1.72E-10
C_160,3.90E-05,1.70E-10
C_161,3.78E-05,2.25E-10
C_162,3.54E-05,1.72E-10
C_163,0.36208,3.41E-08
C_164,4.02E-05,2.25E-10
C_165,4.32E-05,1.27E-10
C_166,3.66E-05,2.20E-10
C_167,3.66E-05,2.20E-10
C_168,3.66E-05,2.20E-10
C_169,6.78E-05,3.61E-10
C_170,0.030374,5.77E-09
C_171,8.70E-05,2.66E-10
C_172,3.66E-05,2.20E-10
C_173,0.219621,8.66E-08
C_174,3.66E-05,2.20E-10
C_175,0.001646,5.69E-09
C_176,3.66E-05,2.20E-10
C_177,0.217022,5.86E-08
C_178,3.66E-05,2.20E-10
C_179,3.66E-05,2.20E-10
C_180,3.66E-05,2.20E-10
C_181,6.78E-05,5.29E-10
DQB1_6,3.30E-05,1.62E-10
DQB1_7,3.30E-05,1.62E-10
DQB1_8,3.30E-05,1.62E-10
DQB1_9,0.238648,3.04E-07
DQB1_10,3.30E-05,1.62E-10
DQB1_11,3.66E-05,1.48E-10
DQB1_12,3.30E-05,1.62E-10
DQB1_13,0.253866,6.61E-07
DQB1_14,0.233462,2.62E-07
DQB1_15,3.30E-05,1.62E-10
DQB1_16,3.30E-05,1.62E-10
DQB1_17,3.30E-05,1.62E-10
DQB1_18,3.30E-05,1.62E-10
DQB1_19,3.30E-05,1.62E-10
DQB1_20,3.30E-05,1.62E-10
DQB1_23,0.003217,9.46E-09
DQB1_26,0.589707,6.78E-07
DQB1_28,0.22194,2.09E-08
DQB1_30,0.567019,4.77E-07
DQB1_37,0.242472,6.12E-08
DQB1_38,0.360811,4.85E-07
DQB1_45,0.241577,6.97E-07
DQB1_46,0.22194,2.09E-08
DQB1_47,0.22194,2.09E-08
DQB1_49,1.62E-05,1.29E-10
DQB1_52,0.22194,2.09E-08
DQB1_53,0.346432,5.44E-08
DQB1_55,0.582259,3.91E-08
DQB1_56,0.077522,8.97E-09
DQB1_57,0.656368,9.91E-07
DQB1_60,4.80E-06,2.24E-11
DQB1_63,4.20E-06,2.44E-11
DQB1_66,0.275747,1.20E-07
DQB1_67,0.275751,1.19E-07
DQB1_70,0.444381,2.17E-07
DQB1_71,0.601568,3.36E-07
DQB1_74,0.549622,4.10E-07
DQB1_75,0.371078,5.03E-07
DQB1_77,0.355464,3.71E-07
DQB1_79,3.30E-05,1.62E-10
DQB1_80,3.30E-05,1.62E-10
DQB1_81,0.000112,1.03E-09
DQB1_82,3.30E-05,1.62E-10
DQB1_83,3.30E-05,1.62E-10
DQB1_84,0.346465,5.72E-08
DQB1_85,0.346465,5.72E-08
DQB1_86,0.423586,8.61E-08
DQB1_87,0.53537,8.28E-07
DQB1_88,3.30E-05,1.62E-10
DQB1_89,0.346465,5.72E-08
DQB1_90,0.346465,5.72E-08
DQB1_91,3.30E-05,1.62E-10
DQB1_92,3.30E-05,1.62E-10
DQB1_93,3.30E-05,1.62E-10
DQB1_94,3.30E-05,1.62E-10
DRB1_7,1.80E-06,8.41E-12
DRB1_9,0.36624,1.25E-08
DRB1_10,0.375299,1.12E-08
DRB1_11,0.746372,4.30E-08
DRB1_12,0.34687,1.18E-08
DRB1_13,0.852857,8.59E-08
DRB1_14,0.147229,3.62E-10
DRB1_16,0.109621,2.00E-08
DRB1_20,1.68E-05,8.65E-11
DRB1_21,2.22E-05,6.45E-11
DRB1_23,3.06E-05,4.36E-11
DRB1_25,0.147238,4.81E-10
DRB1_26,0.346851,2.84E-08
DRB1_27,4.08E-05,1.67E-10
DRB1_28,0.332544,4.12E-08
DRB1_29,3.72E-05,1.59E-10
DRB1_30,0.450908,8.23E-08
DRB1_31,0.178994,4.23E-09
DRB1_32,0.298793,4.30E-08
DRB1_33,0.189272,1.20E-08
DRB1_34,7.80E-06,3.24E-11
DRB1_35,3.84E-05,1.76E-11
DRB1_37,0.788446,5.95E-08
DRB1_38,0.062722,6.39E-10
DRB1_39,2.40E-05,1.60E-11
DRB1_40,0.021761,1.48E-10
DRB1_43,2.40E-05,1.44E-10
DRB1_45,1.26E-05,3.56E-11
DRB1_46,2.22E-05,7.25E-11
DRB1_47,0.36692,7.66E-08
DRB1_48,3.60E-06,1.76E-11
DRB1_50,0.000341,2.30E-09
DRB1_51,1.68E-05,5.45E-11
DRB1_52,7.80E-06,2.44E-11
DRB1_55,3.12E-05,1.43E-10
DRB1_57,0.375126,1.82E-07
DRB1_58,0.126598,8.50E-09
DRB1_59,3.00E-05,4.81E-11
DRB1_60,0.249157,1.56E-08
DRB1_63,1.20E-05,0
DRB1_64,0.000172,9.61E-10
DRB1_65,2.40E-06,9.61E-12
DRB1_66,6.60E-06,3.56E-11
DRB1_67,0.618306,2.30E-07
DRB1_69,4.20E-06,8.41E-12
DRB1_70,0.48601,4.14E-07
DRB1_71,0.658829,4.22E-07
DRB1_72,1.20E-05,6.41E-11
DRB1_73,0.242765,3.40E-09
DRB1_74,0.545551,2.88E-07
DRB1_76,1.80E-06,8.41E-12
DRB1_77,0.132845,1.39E-09
DRB1_78,0.166291,9.53E-10
DRB1_81,7.80E-06,7.25E-11
DRB1_84,6.00E-06,2.40E-11
DRB1_85,0.069334,6.93E-08
DRB1_86,0.421947,1.59E-06
DRB1_87,8.40E-06,3.36E-11
DRB1_88,1.44E-05,8.17E-11
DRB1_89,1.08E-05,6.25E-11
DRB1_90,1.08E-05,6.25E-11
DRB1_91,1.20E-05,4.00E-11
DRB1_92,3.72E-05,1.03E-10